"STATION","NAME","DATE","TAVG","TMAX","TMIN"
"BKM00014654","SARAJEVO, BK","2020-01-01","27","35","20"
"BKM00014654","SARAJEVO, BK","2020-01-02","29","38","22"
"BKM00014654","SARAJEVO, BK","2020-01-03","27","38","19"
"BKM00014654","SARAJEVO, BK","2020-01-04","29","38","21"
"BKM00014654","SARAJEVO, BK","2020-01-05","31","33","28"
"BKM00014654","SARAJEVO, BK","2020-01-06","26","32","21"
"BKM00014654","SARAJEVO, BK","2020-01-07","21","33","13"
"BKM00014654","SARAJEVO, BK","2020-01-08","23","33","15"
"BKM00014654","SARAJEVO, BK","2020-01-09","22","29","16"
"BKM00014654","SARAJEVO, BK","2020-01-10","24","35","17"
"BKM00014654","SARAJEVO, BK","2020-01-11","28","33","23"
"BKM00014654","SARAJEVO, BK","2020-01-12","33","42","27"
"BKM00014654","SARAJEVO, BK","2020-01-13","31","41","24"
"BKM00014654","SARAJEVO, BK","2020-01-14","36","50","28"
"BKM00014654","SARAJEVO, BK","2020-01-15","34","43","27"
"BKM00014654","SARAJEVO, BK","2020-01-16","28","38","22"
"BKM00014654","SARAJEVO, BK","2020-01-17","26","31","24"
"BKM00014654","SARAJEVO, BK","2020-01-18","25","29","22"
"BKM00014654","SARAJEVO, BK","2020-01-19","29","31","26"
"BKM00014654","SARAJEVO, BK","2020-01-20","30","32","29"
"BKM00014654","SARAJEVO, BK","2020-01-21","30","39","24"
"BKM00014654","SARAJEVO, BK","2020-01-22","26","37","19"
"BKM00014654","SARAJEVO, BK","2020-01-23","30","42","21"
"BKM00014654","SARAJEVO, BK","2020-01-24","32","46","20"
"BKM00014654","SARAJEVO, BK","2020-01-25","41","54","31"
"BKM00014654","SARAJEVO, BK","2020-01-26","39","43","33"
"BKM00014654","SARAJEVO, BK","2020-01-27","39","42","37"
"BKM00014654","SARAJEVO, BK","2020-01-28","42","49","31"
"BKM00014654","SARAJEVO, BK","2020-01-29","39","49","34"
"BKM00014654","SARAJEVO, BK","2020-01-30","35","45","31"
"BKM00014654","SARAJEVO, BK","2020-01-31","40","55","28"
"BKM00014654","SARAJEVO, BK","2020-02-01","46","60","34"
"BKM00014654","SARAJEVO, BK","2020-02-02","51","62","44"
"BKM00014654","SARAJEVO, BK","2020-02-03","52","60","42"
"BKM00014654","SARAJEVO, BK","2020-02-04","46","57","34"
"BKM00014654","SARAJEVO, BK","2020-02-05","32","35","30"
"BKM00014654","SARAJEVO, BK","2020-02-06","28","37","23"
"BKM00014654","SARAJEVO, BK","2020-02-07","29","35","21"
"BKM00014654","SARAJEVO, BK","2020-02-08","36","48","32"
"BKM00014654","SARAJEVO, BK","2020-02-09","37","53","26"
"BKM00014654","SARAJEVO, BK","2020-02-10","46","50","34"
"BKM00014654","SARAJEVO, BK","2020-02-11","49","60","41"
"BKM00014654","SARAJEVO, BK","2020-02-12","38","44","35"
"BKM00014654","SARAJEVO, BK","2020-02-13","40","54","28"
"BKM00014654","SARAJEVO, BK","2020-02-14","43","55","33"
"BKM00014654","SARAJEVO, BK","2020-02-15","40","46","36"
"BKM00014654","SARAJEVO, BK","2020-02-16","40","58","29"
"BKM00014654","SARAJEVO, BK","2020-02-17","48","71","33"
"BKM00014654","SARAJEVO, BK","2020-02-18","43","47","34"
"BKM00014654","SARAJEVO, BK","2020-02-19","44","52","39"
"BKM00014654","SARAJEVO, BK","2020-02-20","36","42","31"
"BKM00014654","SARAJEVO, BK","2020-02-21","37","54","27"
"BKM00014654","SARAJEVO, BK","2020-02-22","38","51","29"
"BKM00014654","SARAJEVO, BK","2020-02-23","44","63","30"
"BKM00014654","SARAJEVO, BK","2020-02-24","46","54","40"
"BKM00014654","SARAJEVO, BK","2020-02-25","51","66","33"
"BKM00014654","SARAJEVO, BK","2020-02-26","50","60","39"
"BKM00014654","SARAJEVO, BK","2020-02-27","34","42","31"
"BKM00014654","SARAJEVO, BK","2020-02-28","37","45","31"
"BKM00014654","SARAJEVO, BK","2020-02-29","38","54","24"
"BKM00014654","SARAJEVO, BK","2020-03-01","47","51","38"
"BKM00014654","SARAJEVO, BK","2020-03-02","53","61","45"
"BKM00014654","SARAJEVO, BK","2020-03-03","50","56","43"
"BKM00014654","SARAJEVO, BK","2020-03-04","40","44","39"
"BKM00014654","SARAJEVO, BK","2020-03-05","43","57","31"
"BKM00014654","SARAJEVO, BK","2020-03-06","48","58","39"
"BKM00014654","SARAJEVO, BK","2020-03-07","39","45","38"
"BKM00014654","SARAJEVO, BK","2020-03-08","37","39","35"
"BKM00014654","SARAJEVO, BK","2020-03-09","41","51","36"
"BKM00014654","SARAJEVO, BK","2020-03-10","42","55","37"
"BKM00014654","SARAJEVO, BK","2020-03-11","45","64","32"
"BKM00014654","SARAJEVO, BK","2020-03-12","55","74","39"
"BKM00014654","SARAJEVO, BK","2020-03-13","54","76","41"
"BKM00014654","SARAJEVO, BK","2020-03-14","44","47","43"
"BKM00014654","SARAJEVO, BK","2020-03-15","43","51","39"
"BKM00014654","SARAJEVO, BK","2020-03-16","47","67","34"
"BKM00014654","SARAJEVO, BK","2020-03-17","49","69","34"
"BKM00014654","SARAJEVO, BK","2020-03-18","49","65","36"
"BKM00014654","SARAJEVO, BK","2020-03-19","50","70","34"
"BKM00014654","SARAJEVO, BK","2020-03-20","53","73","36"
"BKM00014654","SARAJEVO, BK","2020-03-21","53","71","36"
"BKM00014654","SARAJEVO, BK","2020-03-22","39","52","34"
"BKM00014654","SARAJEVO, BK","2020-03-23","29","34","25"
"BKM00014654","SARAJEVO, BK","2020-03-24","29","36","23"
"BKM00014654","SARAJEVO, BK","2020-03-25","31","38","26"
"BKM00014654","SARAJEVO, BK","2020-03-26","37","42","30"
"BKM00014654","SARAJEVO, BK","2020-03-27","45","56","39"
"BKM00014654","SARAJEVO, BK","2020-03-28","46","60","32"
"BKM00014654","SARAJEVO, BK","2020-03-29","48","64","34"
"BKM00014654","SARAJEVO, BK","2020-03-30","44","55","35"
"BKM00014654","SARAJEVO, BK","2020-03-31","32","40","28"
"BKM00014654","SARAJEVO, BK","2020-04-01","31","36","27"
"BKM00014654","SARAJEVO, BK","2020-04-02","40","58","23"
"BKM00014654","SARAJEVO, BK","2020-04-03","46","60","31"
"BKM00014654","SARAJEVO, BK","2020-04-04","48","58","35"
"BKM00014654","SARAJEVO, BK","2020-04-05","52","61","43"
"BKM00014654","SARAJEVO, BK","2020-04-06","53","65","41"
"BKM00014654","SARAJEVO, BK","2020-04-07","52","66","38"
"BKM00014654","SARAJEVO, BK","2020-04-08","49","66","34"
"BKM00014654","SARAJEVO, BK","2020-04-09","54","75","36"
"BKM00014654","SARAJEVO, BK","2020-04-10","56","74","37"
"BKM00014654","SARAJEVO, BK","2020-04-11","55","68","42"
"BKM00014654","SARAJEVO, BK","2020-04-12","57","75","40"
"BKM00014654","SARAJEVO, BK","2020-04-13","58","73","43"
"BKM00014654","SARAJEVO, BK","2020-04-14","44","58","33"
"BKM00014654","SARAJEVO, BK","2020-04-15","40","54","30"
"BKM00014654","SARAJEVO, BK","2020-04-16","53","77","33"
"BKM00014654","SARAJEVO, BK","2020-04-17","60","80","42"
"BKM00014654","SARAJEVO, BK","2020-04-18","63","83","43"
"BKM00014654","SARAJEVO, BK","2020-04-19","64","82","49"
"BKM00014654","SARAJEVO, BK","2020-04-20","55","60","53"
"BKM00014654","SARAJEVO, BK","2020-04-21","47","53","43"
"BKM00014654","SARAJEVO, BK","2020-04-22","48","60","40"
"BKM00014654","SARAJEVO, BK","2020-04-23","52","67","35"
"BKM00014654","SARAJEVO, BK","2020-04-24","54","73","38"
"BKM00014654","SARAJEVO, BK","2020-04-25","59","76","41"
"BKM00014654","SARAJEVO, BK","2020-04-26","56","71","49"
"BKM00014654","SARAJEVO, BK","2020-04-27","58","77","42"
"BKM00014654","SARAJEVO, BK","2020-04-28","60","73","45"
"BKM00014654","SARAJEVO, BK","2020-04-29","58","68","50"
"BKM00014654","SARAJEVO, BK","2020-04-30","59","72","49"
"BKM00014654","SARAJEVO, BK","2020-05-01","57","68","50"
"BKM00014654","SARAJEVO, BK","2020-05-02","53","62","49"
"BKM00014654","SARAJEVO, BK","2020-05-03","45","56","40"
"BKM00014654","SARAJEVO, BK","2020-05-04","51","66","38"
"BKM00014654","SARAJEVO, BK","2020-05-05","58","74","39"
"BKM00014654","SARAJEVO, BK","2020-05-06","49","61","44"
"BKM00014654","SARAJEVO, BK","2020-05-07","51","65","40"
"BKM00014654","SARAJEVO, BK","2020-05-08","57","78","38"
"BKM00014654","SARAJEVO, BK","2020-05-09","64","83","45"
"BKM00014654","SARAJEVO, BK","2020-05-10","62","76","47"
"BKM00014654","SARAJEVO, BK","2020-05-11","65","81","51"
"BKM00014654","SARAJEVO, BK","2020-05-12","60","70","51"
"BKM00014654","SARAJEVO, BK","2020-05-13","67","81","49"
"BKM00014654","SARAJEVO, BK","2020-05-14","74","83","67"
"BKM00014654","SARAJEVO, BK","2020-05-15","75","85","69"
"BKM00014654","SARAJEVO, BK","2020-05-16","64","75","56"
"BKM00014654","SARAJEVO, BK","2020-05-17","67","80","58"
"BKM00014654","SARAJEVO, BK","2020-05-18","63","71","57"
"BKM00014654","SARAJEVO, BK","2020-05-19","64","74","59"
"BKM00014654","SARAJEVO, BK","2020-05-20","57","63","54"
"BKM00014654","SARAJEVO, BK","2020-05-21","54","63","48"
"BKM00014654","SARAJEVO, BK","2020-05-22","55","70","39"
"BKM00014654","SARAJEVO, BK","2020-05-23","61","78","45"
"BKM00014654","SARAJEVO, BK","2020-05-24","54","62","51"
"BKM00014654","SARAJEVO, BK","2020-05-25","52","67","41"
"BKM00014654","SARAJEVO, BK","2020-05-26","49","56","44"
"BKM00014654","SARAJEVO, BK","2020-05-27","49","55","44"
"BKM00014654","SARAJEVO, BK","2020-05-28","52","63","46"
"BKM00014654","SARAJEVO, BK","2020-05-29","52","63","47"
"BKM00014654","SARAJEVO, BK","2020-05-30","54","66","47"
"BKM00014654","SARAJEVO, BK","2020-05-31","53","63","48"
"BKM00014654","SARAJEVO, BK","2020-06-01","52","57","48"
"BKM00014654","SARAJEVO, BK","2020-06-02","57","68","49"
"BKM00014654","SARAJEVO, BK","2020-06-03","56","73","45"
"BKM00014654","SARAJEVO, BK","2020-06-04","61","76","45"
"BKM00014654","SARAJEVO, BK","2020-06-05","64","70","60"
"BKM00014654","SARAJEVO, BK","2020-06-06","64","74","54"
"BKM00014654","SARAJEVO, BK","2020-06-07","69","83","57"
"BKM00014654","SARAJEVO, BK","2020-06-08","64","79","55"
"BKM00014654","SARAJEVO, BK","2020-06-09","63","76","57"
"BKM00014654","SARAJEVO, BK","2020-06-10","62","75","53"
"BKM00014654","SARAJEVO, BK","2020-06-11","61","76","48"
"BKM00014654","SARAJEVO, BK","2020-06-12","64","79","48"
"BKM00014654","SARAJEVO, BK","2020-06-13","69","84","51"
"BKM00014654","SARAJEVO, BK","2020-06-14","69","82","56"
"BKM00014654","SARAJEVO, BK","2020-06-15","64","76","53"
"BKM00014654","SARAJEVO, BK","2020-06-16","60","65","58"
"BKM00014654","SARAJEVO, BK","2020-06-17","62","70","56"
"BKM00014654","SARAJEVO, BK","2020-06-18","65","79","57"
"BKM00014654","SARAJEVO, BK","2020-06-19","66","81","51"
"BKM00014654","SARAJEVO, BK","2020-06-20","60","75","53"
"BKM00014654","SARAJEVO, BK","2020-06-21","59","66","55"
"BKM00014654","SARAJEVO, BK","2020-06-22","58","60","56"
"BKM00014654","SARAJEVO, BK","2020-06-23","60","69","57"
"BKM00014654","SARAJEVO, BK","2020-06-24","67","79","58"
"BKM00014654","SARAJEVO, BK","2020-06-25","69","87","53"
"BKM00014654","SARAJEVO, BK","2020-06-26","71","86","58"
"BKM00014654","SARAJEVO, BK","2020-06-27","74","90","59"
"BKM00014654","SARAJEVO, BK","2020-06-28","72","84","60"
"BKM00014654","SARAJEVO, BK","2020-06-29","76","91","60"
"BKM00014654","SARAJEVO, BK","2020-06-30","74","89","60"
"BKM00014654","SARAJEVO, BK","2020-07-01","77","92","62"
"BKM00014654","SARAJEVO, BK","2020-07-02","73","89","64"
"BKM00014654","SARAJEVO, BK","2020-07-03","69","85","58"
"BKM00014654","SARAJEVO, BK","2020-07-04","68","77","63"
"BKM00014654","SARAJEVO, BK","2020-07-05","69","78","60"
"BKM00014654","SARAJEVO, BK","2020-07-06","71","85","60"
"BKM00014654","SARAJEVO, BK","2020-07-07","58","69","54"
"BKM00014654","SARAJEVO, BK","2020-07-08","64","80","47"
"BKM00014654","SARAJEVO, BK","2020-07-09","70","88","53"
"BKM00014654","SARAJEVO, BK","2020-07-10","75","93","57"
"BKM00014654","SARAJEVO, BK","2020-07-11","76","94","60"
"BKM00014654","SARAJEVO, BK","2020-07-12","62","76","60"
"BKM00014654","SARAJEVO, BK","2020-07-13","61","71","50"
"BKM00014654","SARAJEVO, BK","2020-07-14","63","76","48"
"BKM00014654","SARAJEVO, BK","2020-07-15","66","81","50"
"BKM00014654","SARAJEVO, BK","2020-07-16","67","82","52"
"BKM00014654","SARAJEVO, BK","2020-07-17","61","73","56"
"BKM00014654","SARAJEVO, BK","2020-07-18","56","59","53"
"BKM00014654","SARAJEVO, BK","2020-07-19","59","70","52"
"BKM00014654","SARAJEVO, BK","2020-07-20","65","80","50"
"BKM00014654","SARAJEVO, BK","2020-07-21","70","87","54"
"BKM00014654","SARAJEVO, BK","2020-07-22","73","91","57"
"BKM00014654","SARAJEVO, BK","2020-07-23","70","85","62"
"BKM00014654","SARAJEVO, BK","2020-07-24","71","89","58"
"BKM00014654","SARAJEVO, BK","2020-07-25","66","75","59"
"BKM00014654","SARAJEVO, BK","2020-07-26","67","78","60"
"BKM00014654","SARAJEVO, BK","2020-07-27","69","85","56"
"BKM00014654","SARAJEVO, BK","2020-07-28","73","90","56"
"BKM00014654","SARAJEVO, BK","2020-07-29","77","95","59"
"BKM00014654","SARAJEVO, BK","2020-07-30","79","97","64"
"BKM00014654","SARAJEVO, BK","2020-07-31","75","91","68"
"BKM00014654","SARAJEVO, BK","2020-08-01","74",,"62"
"BKM00014654","SARAJEVO, BK","2020-08-02","74","90","60"
"BKM00014654","SARAJEVO, BK","2020-08-03","78",,"60"
"BKM00014654","SARAJEVO, BK","2020-08-04","74","82",
"BKM00014654","SARAJEVO, BK","2020-08-05","66",,
"BKM00014654","SARAJEVO, BK","2020-08-06","63",,"58"
"BKM00014654","SARAJEVO, BK","2020-08-07","68",,"62"
"BKM00014654","SARAJEVO, BK","2020-08-08","70",,"59"
"BKM00014654","SARAJEVO, BK","2020-08-09","71",,
"BKM00014654","SARAJEVO, BK","2020-08-10","69",,"58"
"BKM00014654","SARAJEVO, BK","2020-08-11","73",,"60"
"BKM00014654","SARAJEVO, BK","2020-08-12","71",,"62"
"BKM00014654","SARAJEVO, BK","2020-08-13","73",,"60"
"BKM00014654","SARAJEVO, BK","2020-08-14","71",,"61"
"BKM00014654","SARAJEVO, BK","2020-08-15","65",,"59"
"BKM00014654","SARAJEVO, BK","2020-08-16","71","86","61"
"BKM00014654","SARAJEVO, BK","2020-08-17","72",,"60"
"BKM00014654","SARAJEVO, BK","2020-08-18","64",,
"BKM00014654","SARAJEVO, BK","2020-08-19","65",,"57"
"BKM00014654","SARAJEVO, BK","2020-08-20","67",,"54"
"BKM00014654","SARAJEVO, BK","2020-08-21","69",,"54"
"BKM00014654","SARAJEVO, BK","2020-08-22","73",,"55"
"BKM00014654","SARAJEVO, BK","2020-08-23","74",,"62"
"BKM00014654","SARAJEVO, BK","2020-08-24","70","78",
"BKM00014654","SARAJEVO, BK","2020-08-25","64","74",
"BKM00014654","SARAJEVO, BK","2020-08-26","66","85","51"
"BKM00014654","SARAJEVO, BK","2020-08-27","68","82","54"
"BKM00014654","SARAJEVO, BK","2020-08-28","72",,"58"
"BKM00014654","SARAJEVO, BK","2020-08-29","76","93","62"
"BKM00014654","SARAJEVO, BK","2020-08-30","78",,"64"
"BKM00014654","SARAJEVO, BK","2020-08-31","76",,"64"
"BKM00014654","SARAJEVO, BK","2020-09-01","67","80","60"
"BKM00014654","SARAJEVO, BK","2020-09-02","62","70","58"
"BKM00014654","SARAJEVO, BK","2020-09-03","60","74","53"
"BKM00014654","SARAJEVO, BK","2020-09-04","60","75","52"
"BKM00014654","SARAJEVO, BK","2020-09-05","64","84","48"
"BKM00014654","SARAJEVO, BK","2020-09-06","69","89","51"
"BKM00014654","SARAJEVO, BK","2020-09-07","68","85","55"
"BKM00014654","SARAJEVO, BK","2020-09-08","68","79","63"
"BKM00014654","SARAJEVO, BK","2020-09-09","68","86","56"
"BKM00014654","SARAJEVO, BK","2020-09-10","67","83","55"
"BKM00014654","SARAJEVO, BK","2020-09-11","68","82","56"
"BKM00014654","SARAJEVO, BK","2020-09-12","69","88","53"
"BKM00014654","SARAJEVO, BK","2020-09-13","68","86","56"
"BKM00014654","SARAJEVO, BK","2020-09-14","68","83","56"
"BKM00014654","SARAJEVO, BK","2020-09-15","69","83","55"
"BKM00014654","SARAJEVO, BK","2020-09-16","70","88","57"
"BKM00014654","SARAJEVO, BK","2020-09-17","67","84","58"
"BKM00014654","SARAJEVO, BK","2020-09-18","62","69","60"
"BKM00014654","SARAJEVO, BK","2020-09-19","61","72","53"
"BKM00014654","SARAJEVO, BK","2020-09-20","65","84","49"
"BKM00014654","SARAJEVO, BK","2020-09-21","66","83","53"
"BKM00014654","SARAJEVO, BK","2020-09-22","63","78","56"
"BKM00014654","SARAJEVO, BK","2020-09-23","62","75","55"
"BKM00014654","SARAJEVO, BK","2020-09-24","65","81","54"
"BKM00014654","SARAJEVO, BK","2020-09-25","64","71","56"
"BKM00014654","SARAJEVO, BK","2020-09-26","53","67","49"
"BKM00014654","SARAJEVO, BK","2020-09-27","56","61","47"
"BKM00014654","SARAJEVO, BK","2020-09-28","59","67","53"
"BKM00014654","SARAJEVO, BK","2020-09-29","52","64","48"
"BKM00014654","SARAJEVO, BK","2020-09-30","53","68","45"
"BKM00014654","SARAJEVO, BK","2020-10-01","57","71","47"
"BKM00014654","SARAJEVO, BK","2020-10-02","59","76","49"
"BKM00014654","SARAJEVO, BK","2020-10-03","72","78","65"
"BKM00014654","SARAJEVO, BK","2020-10-04","69","79","61"
"BKM00014654","SARAJEVO, BK","2020-10-05","69","77","57"
"BKM00014654","SARAJEVO, BK","2020-10-06","62","77","55"
"BKM00014654","SARAJEVO, BK","2020-10-07","55","63","49"
"BKM00014654","SARAJEVO, BK","2020-10-08","51","60","48"
"BKM00014654","SARAJEVO, BK","2020-10-09","50","65","38"
"BKM00014654","SARAJEVO, BK","2020-10-10","54","73","42"
"BKM00014654","SARAJEVO, BK","2020-10-11","57","72","43"
"BKM00014654","SARAJEVO, BK","2020-10-12","47","61","39"
"BKM00014654","SARAJEVO, BK","2020-10-13","40","49","33"
"BKM00014654","SARAJEVO, BK","2020-10-14","49","62","35"
"BKM00014654","SARAJEVO, BK","2020-10-15","55","61","49"
"BKM00014654","SARAJEVO, BK","2020-10-16","51","61","45"
"BKM00014654","SARAJEVO, BK","2020-10-17","47","57","42"
"BKM00014654","SARAJEVO, BK","2020-10-18","47","61","38"
"BKM00014654","SARAJEVO, BK","2020-10-19","42","60","34"
"BKM00014654","SARAJEVO, BK","2020-10-20","44","62","32"
"BKM00014654","SARAJEVO, BK","2020-10-21","49","69","33"
"BKM00014654","SARAJEVO, BK","2020-10-22","51","71","37"
"BKM00014654","SARAJEVO, BK","2020-10-23","53","75","38"
"BKM00014654","SARAJEVO, BK","2020-10-24","50","54","47"
"BKM00014654","SARAJEVO, BK","2020-10-25","51","60","43"
"BKM00014654","SARAJEVO, BK","2020-10-26","54","68","41"
"BKM00014654","SARAJEVO, BK","2020-10-27","58","69","50"
"BKM00014654","SARAJEVO, BK","2020-10-28","51","63","42"
"BKM00014654","SARAJEVO, BK","2020-10-29","51","60","44"
"BKM00014654","SARAJEVO, BK","2020-10-30","51","63","43"
"BKM00014654","SARAJEVO, BK","2020-10-31","53","66","41"
"BKM00014654","SARAJEVO, BK","2020-11-01","54","67","44"
"BKM00014654","SARAJEVO, BK","2020-11-02","53","69","43"
"BKM00014654","SARAJEVO, BK","2020-11-03","54","67","46"
"BKM00014654","SARAJEVO, BK","2020-11-04","57",,"48"
"BKM00014654","SARAJEVO, BK","2020-11-05","52","57",
"BKM00014654","SARAJEVO, BK","2020-11-06","48",,"46"
"BKM00014654","SARAJEVO, BK","2020-11-07","47","58",
"BKM00014654","SARAJEVO, BK","2020-11-08","44","58","33"
"BKM00014654","SARAJEVO, BK","2020-11-09","44","56","34"
"BKM00014654","SARAJEVO, BK","2020-11-10","37",,"32"
"BKM00014654","SARAJEVO, BK","2020-11-11","38","40","36"
"BKM00014654","SARAJEVO, BK","2020-11-12","41",,"35"
"BKM00014654","SARAJEVO, BK","2020-11-13","41","44",
"BKM00014654","SARAJEVO, BK","2020-11-14","39","42","35"
"BKM00014654","SARAJEVO, BK","2020-11-15","43","50","38"
"BKM00014654","SARAJEVO, BK","2020-11-16","50",,"42"
"BKM00014654","SARAJEVO, BK","2020-11-17","44","51",
"BKM00014654","SARAJEVO, BK","2020-11-18","44","50",
"BKM00014654","SARAJEVO, BK","2020-11-19","37",,
"BKM00014654","SARAJEVO, BK","2020-11-20","38","40","33"
"BKM00014654","SARAJEVO, BK","2020-11-21","33","39",
"BKM00014654","SARAJEVO, BK","2020-11-22","35",,
"BKM00014654","SARAJEVO, BK","2020-11-23","37","50","28"
"BKM00014654","SARAJEVO, BK","2020-11-24","39","43",
"BKM00014654","SARAJEVO, BK","2020-11-25","35",,"27"
"BKM00014654","SARAJEVO, BK","2020-11-26","32","44","24"
"BKM00014654","SARAJEVO, BK","2020-11-27","30","41","22"
"BKM00014654","SARAJEVO, BK","2020-11-28","34","46","24"
"BKM00014654","SARAJEVO, BK","2020-11-29","33","35","31"
"BKM00014654","SARAJEVO, BK","2020-11-30","31","34","29"
"BKM00014654","SARAJEVO, BK","2020-12-01","29",,"23"
"BKM00014654","SARAJEVO, BK","2020-12-02","27","30","20"
"BKM00014654","SARAJEVO, BK","2020-12-03","47","53","29"
"BKM00014654","SARAJEVO, BK","2020-12-04","51",,"46"
"BKM00014654","SARAJEVO, BK","2020-12-05","53","57","46"
"BKM00014654","SARAJEVO, BK","2020-12-06","55","61",
"BKM00014654","SARAJEVO, BK","2020-12-07","48",,
"BKM00014654","SARAJEVO, BK","2020-12-08","45","53","36"
"BKM00014654","SARAJEVO, BK","2020-12-09","43","50",
"BKM00014654","SARAJEVO, BK","2020-12-10","41","49","38"
"BKM00014654","SARAJEVO, BK","2020-12-11","40","46","36"
"BKM00014654","SARAJEVO, BK","2020-12-12","37","40","34"
"BKM00014654","SARAJEVO, BK","2020-12-13","38","39","36"
"BKM00014654","SARAJEVO, BK","2020-12-14","37","40","36"
"BKM00014654","SARAJEVO, BK","2020-12-15","36","45",
"BKM00014654","SARAJEVO, BK","2020-12-16","34","43","29"
"BKM00014654","SARAJEVO, BK","2020-12-17","33","41","30"
"BKM00014654","SARAJEVO, BK","2020-12-18","32","38",
"BKM00014654","SARAJEVO, BK","2020-12-19","31","33","29"
"BKM00014654","SARAJEVO, BK","2020-12-20","32","34",
"BKM00014654","SARAJEVO, BK","2020-12-21","37","43","32"
"BKM00014654","SARAJEVO, BK","2020-12-22","42","50","36"
"BKM00014654","SARAJEVO, BK","2020-12-23","43","54","36"
"BKM00014654","SARAJEVO, BK","2020-12-24","49","57","39"
"BKM00014654","SARAJEVO, BK","2020-12-25","47","54",
"BKM00014654","SARAJEVO, BK","2020-12-26","32","38",
"BKM00014654","SARAJEVO, BK","2020-12-27","30",,"29"
"BKM00014654","SARAJEVO, BK","2020-12-28","45","50","28"
"BKM00014654","SARAJEVO, BK","2020-12-29","47","53",
"BKM00014654","SARAJEVO, BK","2020-12-30","44",,
"BKM00014654","SARAJEVO, BK","2020-12-31","39",,
"BKM00014654","SARAJEVO, BK","2021-01-01","37","45","30"
"BKM00014654","SARAJEVO, BK","2021-01-02","45","51","38"
"BKM00014654","SARAJEVO, BK","2021-01-03","41","49",
"BKM00014654","SARAJEVO, BK","2021-01-04","39","42",
"BKM00014654","SARAJEVO, BK","2021-01-05","39","46","32"
"BKM00014654","SARAJEVO, BK","2021-01-06","40","44",
"BKM00014654","SARAJEVO, BK","2021-01-07","35","40",
"BKM00014654","SARAJEVO, BK","2021-01-08","33","35","32"
"BKM00014654","SARAJEVO, BK","2021-01-09","32","34",
"BKM00014654","SARAJEVO, BK","2021-01-10","30","33",
"BKM00014654","SARAJEVO, BK","2021-01-11","28","29","26"
"BKM00014654","SARAJEVO, BK","2021-01-12","28","31","26"
"BKM00014654","SARAJEVO, BK","2021-01-13","27","31",
"BKM00014654","SARAJEVO, BK","2021-01-14","24","28","17"
"BKM00014654","SARAJEVO, BK","2021-01-15","27","32","24"
"BKM00014654","SARAJEVO, BK","2021-01-16","24","31",
"BKM00014654","SARAJEVO, BK","2021-01-17","22","28","17"
"BKM00014654","SARAJEVO, BK","2021-01-18","22","29","16"
"BKM00014654","SARAJEVO, BK","2021-01-19","27","39","18"
"BKM00014654","SARAJEVO, BK","2021-01-20","36","49","24"
"BKM00014654","SARAJEVO, BK","2021-01-21","45","52","35"
"BKM00014654","SARAJEVO, BK","2021-01-22","49","52","45"
"BKM00014654","SARAJEVO, BK","2021-01-23","47","51",
"BKM00014654","SARAJEVO, BK","2021-01-24","44","50",
"BKM00014654","SARAJEVO, BK","2021-01-25","33","41",
"BKM00014654","SARAJEVO, BK","2021-01-26","30","34",
"BKM00014654","SARAJEVO, BK","2021-01-27","28","33",
"BKM00014654","SARAJEVO, BK","2021-01-28","29","37","18"
"BKM00014654","SARAJEVO, BK","2021-01-29","41","48","35"
"BKM00014654","SARAJEVO, BK","2021-01-30","39",,"35"
"BKM00014654","SARAJEVO, BK","2021-01-31","44","48",
"BKM00014654","SARAJEVO, BK","2021-02-01","37","46","31"
"BKM00014654","SARAJEVO, BK","2021-02-02","37",,
"BKM00014654","SARAJEVO, BK","2021-02-03","46","59","33"
"BKM00014654","SARAJEVO, BK","2021-02-04","49","59",
"BKM00014654","SARAJEVO, BK","2021-02-05","47",,"37"
"BKM00014654","SARAJEVO, BK","2021-02-06","51","61","41"
"BKM00014654","SARAJEVO, BK","2021-02-07","55","63","46"
"BKM00014654","SARAJEVO, BK","2021-02-08","49",,
"BKM00014654","SARAJEVO, BK","2021-02-09","47",,"43"
"BKM00014654","SARAJEVO, BK","2021-02-10","49",,
"BKM00014654","SARAJEVO, BK","2021-02-13","18","21",
"BKM00014654","SARAJEVO, BK","2021-02-14","21",,"15"
"BKM00014654","SARAJEVO, BK","2021-02-15","27","39",
"BKM00014654","SARAJEVO, BK","2021-02-16","29","48","15"
"BKM00014654","SARAJEVO, BK","2021-02-17","38",,"28"
"BKM00014654","SARAJEVO, BK","2021-02-18","39","54","33"
"BKM00014654","SARAJEVO, BK","2021-02-19","32",,"29"
"BKM00014654","SARAJEVO, BK","2021-02-20","49",,
"BKM00014654","SARAJEVO, BK","2021-02-21","47",,
"BKM00014654","SARAJEVO, BK","2021-02-22","47","67","34"
"BKM00014654","SARAJEVO, BK","2021-02-23","47",,"35"
"BKM00014654","SARAJEVO, BK","2021-02-24","47","64","34"
"BKM00014654","SARAJEVO, BK","2021-02-25","51","69","36"
"BKM00014654","SARAJEVO, BK","2021-02-26","52","72","37"
"BKM00014654","SARAJEVO, BK","2021-02-27","45",,"36"
"BKM00014654","SARAJEVO, BK","2021-02-28","42","53",
"BKM00014652","BJELASNICA, BK","2020-01-01","13",,
"BKM00014652","BJELASNICA, BK","2020-01-02","16",,"12"
"BKM00014652","BJELASNICA, BK","2020-01-03","26",,
"BKM00014652","BJELASNICA, BK","2020-01-04","23",,
"BKM00014652","BJELASNICA, BK","2020-01-05","11",,
"BKM00014652","BJELASNICA, BK","2020-01-06","6",,"5"
"BKM00014652","BJELASNICA, BK","2020-01-07","12",,"6"
"BKM00014652","BJELASNICA, BK","2020-01-08","21",,"11"
"BKM00014652","BJELASNICA, BK","2020-01-09","27",,"23"
"BKM00014652","BJELASNICA, BK","2020-01-10","29",,"27"
"BKM00014652","BJELASNICA, BK","2020-01-11","24",,
"BKM00014652","BJELASNICA, BK","2020-01-12","19",,"14"
"BKM00014652","BJELASNICA, BK","2020-01-13","26",,"22"
"BKM00014652","BJELASNICA, BK","2020-01-14","25",,"23"
"BKM00014652","BJELASNICA, BK","2020-01-15","30",,"23"
"BKM00014652","BJELASNICA, BK","2020-01-16","33",,"31"
"BKM00014652","BJELASNICA, BK","2020-01-17","35",,"33"
"BKM00014652","BJELASNICA, BK","2020-01-18","27",,
"BKM00014652","BJELASNICA, BK","2020-01-19","17",,
"BKM00014652","BJELASNICA, BK","2020-01-20","17",,
"BKM00014652","BJELASNICA, BK","2020-01-21","31",,
"BKM00014652","BJELASNICA, BK","2020-01-22","35",,
"BKM00014652","BJELASNICA, BK","2020-01-23","25",,
"BKM00014652","BJELASNICA, BK","2020-01-24","32",,
"BKM00014652","BJELASNICA, BK","2020-01-25","28",,"25"
"BKM00014652","BJELASNICA, BK","2020-01-26","28",,"27"
"BKM00014652","BJELASNICA, BK","2020-01-27","26",,
"BKM00014652","BJELASNICA, BK","2020-01-28","27",,"22"
"BKM00014652","BJELASNICA, BK","2020-01-29","25",,
"BKM00014652","BJELASNICA, BK","2020-01-30","18",,
"BKM00014652","BJELASNICA, BK","2020-01-31","26",,"20"
"BKM00014652","BJELASNICA, BK","2020-02-01","31",,"29"
"BKM00014652","BJELASNICA, BK","2020-02-02","31",,"30"
"BKM00014652","BJELASNICA, BK","2020-02-03","32",,"30"
"BKM00014652","BJELASNICA, BK","2020-02-04","28",,
"BKM00014652","BJELASNICA, BK","2020-02-05","13",,
"BKM00014652","BJELASNICA, BK","2020-02-06","6",,"2"
"BKM00014652","BJELASNICA, BK","2020-02-07","14",,"8"
"BKM00014652","BJELASNICA, BK","2020-02-08","17",,"15"
"BKM00014652","BJELASNICA, BK","2020-02-09","23",,"18"
"BKM00014652","BJELASNICA, BK","2020-02-10","26",,"19"
"BKM00014652","BJELASNICA, BK","2020-02-11","31",,"29"
"BKM00014652","BJELASNICA, BK","2020-02-12","27",,
"BKM00014652","BJELASNICA, BK","2020-02-13","19",,"15"
"BKM00014652","BJELASNICA, BK","2020-02-14","25",,
"BKM00014652","BJELASNICA, BK","2020-02-15","21",,"19"
"BKM00014652","BJELASNICA, BK","2020-02-16","26",,"21"
"BKM00014652","BJELASNICA, BK","2020-02-17","30",,"26"
"BKM00014652","BJELASNICA, BK","2020-02-18","27",,
"BKM00014652","BJELASNICA, BK","2020-02-19","24",,"20"
"BKM00014652","BJELASNICA, BK","2020-02-20","16",,
"BKM00014652","BJELASNICA, BK","2020-02-21","19","23",
"BKM00014652","BJELASNICA, BK","2020-02-22","16",,"12"
"BKM00014652","BJELASNICA, BK","2020-02-23","32",,
"BKM00014652","BJELASNICA, BK","2020-02-24","31",,
"BKM00014652","BJELASNICA, BK","2020-02-25","34","37",
"BKM00014652","BJELASNICA, BK","2020-02-26","28",,
"BKM00014652","BJELASNICA, BK","2020-02-27","14",,
"BKM00014652","BJELASNICA, BK","2020-02-28","17",,"14"
"BKM00014652","BJELASNICA, BK","2020-02-29","16",,"10"
"BKM00014652","BJELASNICA, BK","2020-03-01","26",,"17"
"BKM00014652","BJELASNICA, BK","2020-03-02","29",,
"BKM00014652","BJELASNICA, BK","2020-03-03","29",,
"BKM00014652","BJELASNICA, BK","2020-03-04","23",,
"BKM00014652","BJELASNICA, BK","2020-03-05","20",,
"BKM00014652","BJELASNICA, BK","2020-03-06","27",,"21"
"BKM00014652","BJELASNICA, BK","2020-03-07","24",,
"BKM00014652","BJELASNICA, BK","2020-03-08","18",,
"BKM00014652","BJELASNICA, BK","2020-03-09","24","28","18"
"BKM00014652","BJELASNICA, BK","2020-03-10","21",,"18"
"BKM00014652","BJELASNICA, BK","2020-03-11","30",,"20"
"BKM00014652","BJELASNICA, BK","2020-03-12","39",,"35"
"BKM00014652","BJELASNICA, BK","2020-03-13","39",,
"BKM00014652","BJELASNICA, BK","2020-03-14","25",,
"BKM00014652","BJELASNICA, BK","2020-03-15","20",,
"BKM00014652","BJELASNICA, BK","2020-03-16","26",,"19"
"BKM00014652","BJELASNICA, BK","2020-03-17","33",,"28"
"BKM00014652","BJELASNICA, BK","2020-03-18","30",,"26"
"BKM00014652","BJELASNICA, BK","2020-03-19","34",,"27"
"BKM00014652","BJELASNICA, BK","2020-03-20","37",,"34"
"BKM00014652","BJELASNICA, BK","2020-03-21","34",,"29"
"BKM00014652","BJELASNICA, BK","2020-03-22","21",,
"BKM00014652","BJELASNICA, BK","2020-03-23","6",,
"BKM00014652","BJELASNICA, BK","2020-03-24","9",,"4"
"BKM00014652","BJELASNICA, BK","2020-03-25","13",,
"BKM00014652","BJELASNICA, BK","2020-03-26","22",,"17"
"BKM00014652","BJELASNICA, BK","2020-03-27","26",,"24"
"BKM00014652","BJELASNICA, BK","2020-03-28","28",,"26"
"BKM00014652","BJELASNICA, BK","2020-03-29","27",,"25"
"BKM00014652","BJELASNICA, BK","2020-03-30","24",,
"BKM00014652","BJELASNICA, BK","2020-03-31","13",,
"BKM00014652","BJELASNICA, BK","2020-04-01","10",,"7"
"BKM00014652","BJELASNICA, BK","2020-04-02","22",,"10"
"BKM00014652","BJELASNICA, BK","2020-04-03","26",,
"BKM00014652","BJELASNICA, BK","2020-04-04","24",,
"BKM00014652","BJELASNICA, BK","2020-04-05","27",,"23"
"BKM00014652","BJELASNICA, BK","2020-04-06","29",,"23"
"BKM00014652","BJELASNICA, BK","2020-04-07","32",,"26"
"BKM00014652","BJELASNICA, BK","2020-04-08","31",,"24"
"BKM00014652","BJELASNICA, BK","2020-04-09","37",,"28"
"BKM00014652","BJELASNICA, BK","2020-04-10","37",,
"BKM00014652","BJELASNICA, BK","2020-04-11","37",,"34"
"BKM00014652","BJELASNICA, BK","2020-04-12","38",,
"BKM00014652","BJELASNICA, BK","2020-04-13","38",,
"BKM00014652","BJELASNICA, BK","2020-04-14","24",,
"BKM00014652","BJELASNICA, BK","2020-04-15","19",,"14"
"BKM00014652","BJELASNICA, BK","2020-04-16","40",,"20"
"BKM00014652","BJELASNICA, BK","2020-04-17","44",,"39"
"BKM00014652","BJELASNICA, BK","2020-04-18","47",,"42"
"BKM00014652","BJELASNICA, BK","2020-04-19","47",,"43"
"BKM00014652","BJELASNICA, BK","2020-04-20","34",,
"BKM00014652","BJELASNICA, BK","2020-04-21","30",,
"BKM00014652","BJELASNICA, BK","2020-04-22","28",,"26"
"BKM00014652","BJELASNICA, BK","2020-04-23","29",,"24"
"BKM00014652","BJELASNICA, BK","2020-04-24","35",,
"BKM00014652","BJELASNICA, BK","2020-04-25","40","44","35"
"BKM00014652","BJELASNICA, BK","2020-04-26","38",,
"BKM00014652","BJELASNICA, BK","2020-04-27","41",,"35"
"BKM00014652","BJELASNICA, BK","2020-04-28","40",,
"BKM00014652","BJELASNICA, BK","2020-04-29","37",,"35"
"BKM00014652","BJELASNICA, BK","2020-04-30","38",,"32"
"BKM00014652","BJELASNICA, BK","2020-05-01","36",,"34"
"BKM00014652","BJELASNICA, BK","2020-05-02","34",,
"BKM00014652","BJELASNICA, BK","2020-05-03","28",,
"BKM00014652","BJELASNICA, BK","2020-05-04","29","31","26"
"BKM00014652","BJELASNICA, BK","2020-05-05","40",,"30"
"BKM00014652","BJELASNICA, BK","2020-05-06","27",,
"BKM00014652","BJELASNICA, BK","2020-05-07","28","31","23"
"BKM00014652","BJELASNICA, BK","2020-05-08","41",,"29"
"BKM00014652","BJELASNICA, BK","2020-05-09","48",,"41"
"BKM00014652","BJELASNICA, BK","2020-05-10","45",,"42"
"BKM00014652","BJELASNICA, BK","2020-05-11","44",,"39"
"BKM00014652","BJELASNICA, BK","2020-05-12","41",,
"BKM00014652","BJELASNICA, BK","2020-05-13","47",,
"BKM00014652","BJELASNICA, BK","2020-05-14","52",,"44"
"BKM00014652","BJELASNICA, BK","2020-05-15","51",,
"BKM00014652","BJELASNICA, BK","2020-05-16","54",,"45"
"BKM00014652","BJELASNICA, BK","2020-05-17","53",,
"BKM00014652","BJELASNICA, BK","2020-05-18","54",,"49"
"BKM00014652","BJELASNICA, BK","2020-05-19","51",,
"BKM00014652","BJELASNICA, BK","2020-05-20","42",,
"BKM00014652","BJELASNICA, BK","2020-05-21","32",,"30"
"BKM00014652","BJELASNICA, BK","2020-05-22","37",,"29"
"BKM00014652","BJELASNICA, BK","2020-05-23","46","50","38"
"BKM00014652","BJELASNICA, BK","2020-05-24","35",,
"BKM00014652","BJELASNICA, BK","2020-05-25","34",,
"BKM00014652","BJELASNICA, BK","2020-05-26","30","31","29"
"BKM00014652","BJELASNICA, BK","2020-05-27","31",,"28"
"BKM00014652","BJELASNICA, BK","2020-05-28","33",,"32"
"BKM00014652","BJELASNICA, BK","2020-05-29","33",,"32"
"BKM00014652","BJELASNICA, BK","2020-05-30","34",,
"BKM00014652","BJELASNICA, BK","2020-05-31","31",,"27"
"BKM00014652","BJELASNICA, BK","2020-06-01","34","36","30"
"BKM00014652","BJELASNICA, BK","2020-06-02","36",,"34"
"BKM00014652","BJELASNICA, BK","2020-06-03","39",,"34"
"BKM00014652","BJELASNICA, BK","2020-06-04","42",,"37"
"BKM00014652","BJELASNICA, BK","2020-06-05","42",,
"BKM00014652","BJELASNICA, BK","2020-06-06","46",,"38"
"BKM00014652","BJELASNICA, BK","2020-06-07","48","53","44"
"BKM00014652","BJELASNICA, BK","2020-06-08","47",,"43"
"BKM00014652","BJELASNICA, BK","2020-06-09","46",,
"BKM00014652","BJELASNICA, BK","2020-06-10","43",,
"BKM00014652","BJELASNICA, BK","2020-06-11","44",,"40"
"BKM00014652","BJELASNICA, BK","2020-06-12","46","50","40"
"BKM00014652","BJELASNICA, BK","2020-06-13","51","54","43"
"BKM00014652","BJELASNICA, BK","2020-06-14","50",,
"BKM00014652","BJELASNICA, BK","2020-06-15","45","49",
"BKM00014652","BJELASNICA, BK","2020-06-16","42",,
"BKM00014652","BJELASNICA, BK","2020-06-17","44",,"41"
"BKM00014652","BJELASNICA, BK","2020-06-18","47","52","42"
"BKM00014652","BJELASNICA, BK","2020-06-19","47",,"41"
"BKM00014652","BJELASNICA, BK","2020-06-20","42",,
"BKM00014652","BJELASNICA, BK","2020-06-21","41","42","38"
"BKM00014652","BJELASNICA, BK","2020-06-22","43",,"41"
"BKM00014652","BJELASNICA, BK","2020-06-23","43",,"42"
"BKM00014652","BJELASNICA, BK","2020-06-24","45","49",
"BKM00014652","BJELASNICA, BK","2020-06-25","52",,"45"
"BKM00014652","BJELASNICA, BK","2020-06-26","56",,"50"
"BKM00014652","BJELASNICA, BK","2020-06-27","58",,"52"
"BKM00014652","BJELASNICA, BK","2020-06-28","57","61","52"
"BKM00014652","BJELASNICA, BK","2020-06-29","59",,"53"
"BKM00014652","BJELASNICA, BK","2020-06-30","56",,"51"
"BKM00014652","BJELASNICA, BK","2020-07-01","61","65","53"
"BKM00014652","BJELASNICA, BK","2020-07-02","59",,
"BKM00014652","BJELASNICA, BK","2020-07-03","55",,
"BKM00014652","BJELASNICA, BK","2020-07-04","49",,"47"
"BKM00014652","BJELASNICA, BK","2020-07-05","50",,"47"
"BKM00014652","BJELASNICA, BK","2020-07-06","51",,"47"
"BKM00014652","BJELASNICA, BK","2020-07-07","39",,
"BKM00014652","BJELASNICA, BK","2020-07-08","44",,"37"
"BKM00014652","BJELASNICA, BK","2020-07-09","55",,"47"
"BKM00014652","BJELASNICA, BK","2020-07-10","60",,
"BKM00014652","BJELASNICA, BK","2020-07-11","61",,
"BKM00014652","BJELASNICA, BK","2020-07-12","44",,
"BKM00014652","BJELASNICA, BK","2020-07-13","40",,
"BKM00014652","BJELASNICA, BK","2020-07-14","43",,"37"
"BKM00014652","BJELASNICA, BK","2020-07-15","47","52",
"BKM00014652","BJELASNICA, BK","2020-07-16","49",,"45"
"BKM00014652","BJELASNICA, BK","2020-07-17","44",,
"BKM00014652","BJELASNICA, BK","2020-07-18","39",,
"BKM00014652","BJELASNICA, BK","2020-07-19","41",,"38"
"BKM00014652","BJELASNICA, BK","2020-07-20","47",,"41"
"BKM00014652","BJELASNICA, BK","2020-07-21","52",,"46"
"BKM00014652","BJELASNICA, BK","2020-07-22","57",,"49"
"BKM00014652","BJELASNICA, BK","2020-07-23","56",,
"BKM00014652","BJELASNICA, BK","2020-07-24","56",,"50"
"BKM00014652","BJELASNICA, BK","2020-07-25","49",,
"BKM00014652","BJELASNICA, BK","2020-07-26","48",,"44"
"BKM00014652","BJELASNICA, BK","2020-07-27","52",,"46"
"BKM00014652","BJELASNICA, BK","2020-07-28","58",,"52"
"BKM00014652","BJELASNICA, BK","2020-07-29","61",,"52"
"BKM00014652","BJELASNICA, BK","2020-07-30","64",,"60"
"BKM00014652","BJELASNICA, BK","2020-07-31","61",,
"BKM00014652","BJELASNICA, BK","2020-08-01","56",,
"BKM00014652","BJELASNICA, BK","2020-08-02","54","57","49"
"BKM00014652","BJELASNICA, BK","2020-08-03","60",,"54"
"BKM00014652","BJELASNICA, BK","2020-08-04","53","56",
"BKM00014652","BJELASNICA, BK","2020-08-05","48",,
"BKM00014652","BJELASNICA, BK","2020-08-06","46",,"44"
"BKM00014652","BJELASNICA, BK","2020-08-07","49",,"48"
"BKM00014652","BJELASNICA, BK","2020-08-08","51",,
"BKM00014652","BJELASNICA, BK","2020-08-09","53",,
"BKM00014652","BJELASNICA, BK","2020-08-10","54",,"50"
"BKM00014652","BJELASNICA, BK","2020-08-11","56",,"51"
"BKM00014652","BJELASNICA, BK","2020-08-12","54",,
"BKM00014652","BJELASNICA, BK","2020-08-13","57",,"51"
"BKM00014652","BJELASNICA, BK","2020-08-14","58",,"51"
"BKM00014652","BJELASNICA, BK","2020-08-15","53",,
"BKM00014652","BJELASNICA, BK","2020-08-16","52","54","49"
"BKM00014652","BJELASNICA, BK","2020-08-17","56",,"53"
"BKM00014652","BJELASNICA, BK","2020-08-18","52",,
"BKM00014652","BJELASNICA, BK","2020-08-19","47",,"45"
"BKM00014652","BJELASNICA, BK","2020-08-20","49",,"44"
"BKM00014652","BJELASNICA, BK","2020-08-21","55",,"47"
"BKM00014652","BJELASNICA, BK","2020-08-22","60",,"56"
"BKM00014652","BJELASNICA, BK","2020-08-23","57",,"55"
"BKM00014652","BJELASNICA, BK","2020-08-24","52","54",
"BKM00014652","BJELASNICA, BK","2020-08-25","46",,
"BKM00014652","BJELASNICA, BK","2020-08-26","54","58","45"
"BKM00014652","BJELASNICA, BK","2020-08-27","55","59",
"BKM00014652","BJELASNICA, BK","2020-08-28","57",,"52"
"BKM00014652","BJELASNICA, BK","2020-08-29","57",,"53"
"BKM00014652","BJELASNICA, BK","2020-08-30","61",,
"BKM00014652","BJELASNICA, BK","2020-08-31","60",,
"BKM00014652","BJELASNICA, BK","2020-09-01","46",,"41"
"BKM00014652","BJELASNICA, BK","2020-09-02","44","48","40"
"BKM00014652","BJELASNICA, BK","2020-09-03","47",,
"BKM00014652","BJELASNICA, BK","2020-09-04","42",,
"BKM00014652","BJELASNICA, BK","2020-09-05","55","59",
"BKM00014652","BJELASNICA, BK","2020-09-06","58",,
"BKM00014652","BJELASNICA, BK","2020-09-07","53",,"49"
"BKM00014652","BJELASNICA, BK","2020-09-08","49","51","47"
"BKM00014652","BJELASNICA, BK","2020-09-09","55",,"50"
"BKM00014652","BJELASNICA, BK","2020-09-10","53",,
"BKM00014652","BJELASNICA, BK","2020-09-11","51",,"46"
"BKM00014652","BJELASNICA, BK","2020-09-12","52",,"49"
"BKM00014652","BJELASNICA, BK","2020-09-13","51",,
"BKM00014652","BJELASNICA, BK","2020-09-14","52",,
"BKM00014652","BJELASNICA, BK","2020-09-15","51",,"48"
"BKM00014652","BJELASNICA, BK","2020-09-16","54",,"49"
"BKM00014652","BJELASNICA, BK","2020-09-17","53",,
"BKM00014652","BJELASNICA, BK","2020-09-18","45",,
"BKM00014652","BJELASNICA, BK","2020-09-19","47",,"41"
"BKM00014652","BJELASNICA, BK","2020-09-20","51",,
"BKM00014652","BJELASNICA, BK","2020-09-21","51","55",
"BKM00014652","BJELASNICA, BK","2020-09-22","47","51","44"
"BKM00014652","BJELASNICA, BK","2020-09-23","45",,"43"
"BKM00014652","BJELASNICA, BK","2020-09-24","47","51",
"BKM00014652","BJELASNICA, BK","2020-09-25","46",,"43"
"BKM00014652","BJELASNICA, BK","2020-09-26","31",,
"BKM00014652","BJELASNICA, BK","2020-09-27","36",,"29"
"BKM00014652","BJELASNICA, BK","2020-09-28","36",,
"BKM00014652","BJELASNICA, BK","2020-09-29","35",,"32"
"BKM00014652","BJELASNICA, BK","2020-09-30","35","37","31"
"BKM00014652","BJELASNICA, BK","2020-10-01","38",,"35"
"BKM00014652","BJELASNICA, BK","2020-10-02","42",,"38"
"BKM00014652","BJELASNICA, BK","2020-10-03","48",,"44"
"BKM00014652","BJELASNICA, BK","2020-10-04","46",,"42"
"BKM00014652","BJELASNICA, BK","2020-10-05","46","49",
"BKM00014652","BJELASNICA, BK","2020-10-06","42","46",
"BKM00014652","BJELASNICA, BK","2020-10-07","37","40",
"BKM00014652","BJELASNICA, BK","2020-10-08","31",,"30"
"BKM00014652","BJELASNICA, BK","2020-10-09","34",,"30"
"BKM00014652","BJELASNICA, BK","2020-10-10","43",,
"BKM00014652","BJELASNICA, BK","2020-10-11","40",,"38"
"BKM00014652","BJELASNICA, BK","2020-10-12","36",,
"BKM00014652","BJELASNICA, BK","2020-10-13","26",,"22"
"BKM00014652","BJELASNICA, BK","2020-10-14","31",,"27"
"BKM00014652","BJELASNICA, BK","2020-10-15","38",,"36"
"BKM00014652","BJELASNICA, BK","2020-10-16","33","35",
"BKM00014652","BJELASNICA, BK","2020-10-17","31",,"30"
"BKM00014652","BJELASNICA, BK","2020-10-18","29","31","26"
"BKM00014652","BJELASNICA, BK","2020-10-19","29",,"26"
"BKM00014652","BJELASNICA, BK","2020-10-20","32",,"29"
"BKM00014652","BJELASNICA, BK","2020-10-21","44",,"34"
"BKM00014652","BJELASNICA, BK","2020-10-22","50","54","44"
"BKM00014652","BJELASNICA, BK","2020-10-23","51",,"49"
"BKM00014652","BJELASNICA, BK","2020-10-24","43","51",
"BKM00014652","BJELASNICA, BK","2020-10-25","37",,"35"
"BKM00014652","BJELASNICA, BK","2020-10-26","36","38","34"
"BKM00014652","BJELASNICA, BK","2020-10-27","38","40","35"
"BKM00014652","BJELASNICA, BK","2020-10-28","37",,
"BKM00014652","BJELASNICA, BK","2020-10-29","39","45",
"BKM00014652","BJELASNICA, BK","2020-10-30","34","36","29"
"BKM00014652","BJELASNICA, BK","2020-10-31","38","41","35"
"BKM00014652","BJELASNICA, BK","2020-11-01","41","44","36"
"BKM00014652","BJELASNICA, BK","2020-11-02","45","47","41"
"BKM00014652","BJELASNICA, BK","2020-11-03","48","50","45"
"BKM00014652","BJELASNICA, BK","2020-11-04","46",,
"BKM00014652","BJELASNICA, BK","2020-11-05","37",,
"BKM00014652","BJELASNICA, BK","2020-11-06","33",,
"BKM00014652","BJELASNICA, BK","2020-11-07","36",,
"BKM00014652","BJELASNICA, BK","2020-11-08","44","48","39"
"BKM00014652","BJELASNICA, BK","2020-11-09","44","46",
"BKM00014652","BJELASNICA, BK","2020-11-10","44",,"41"
"BKM00014652","BJELASNICA, BK","2020-11-11","44","46",
"BKM00014652","BJELASNICA, BK","2020-11-12","38",,
"BKM00014652","BJELASNICA, BK","2020-11-13","34","37","32"
"BKM00014652","BJELASNICA, BK","2020-11-14","33","35","30"
"BKM00014652","BJELASNICA, BK","2020-11-15","36","38","33"
"BKM00014652","BJELASNICA, BK","2020-11-16","35",,"33"
"BKM00014652","BJELASNICA, BK","2020-11-17","31",,
"BKM00014652","BJELASNICA, BK","2020-11-18","34",,"30"
"BKM00014652","BJELASNICA, BK","2020-11-19","40",,"36"
"BKM00014652","BJELASNICA, BK","2020-11-20","24",,
"BKM00014652","BJELASNICA, BK","2020-11-21","12",,
"BKM00014652","BJELASNICA, BK","2020-11-22","25",,"12"
"BKM00014652","BJELASNICA, BK","2020-11-23","33","36",
"BKM00014652","BJELASNICA, BK","2020-11-24","26",,
"BKM00014652","BJELASNICA, BK","2020-11-25","38",,"34"
"BKM00014652","BJELASNICA, BK","2020-11-26","40","42",
"BKM00014652","BJELASNICA, BK","2020-11-27","35","38",
"BKM00014652","BJELASNICA, BK","2020-11-28","30","33",
"BKM00014652","BJELASNICA, BK","2020-11-29","25","30",
"BKM00014652","BJELASNICA, BK","2020-11-30","15",,
"BKM00014652","BJELASNICA, BK","2020-12-01","28",,
"BKM00014652","BJELASNICA, BK","2020-12-02","27",,
"BKM00014652","BJELASNICA, BK","2020-12-03","31","31",
"BKM00014652","BJELASNICA, BK","2020-12-04","31",,"28"
"BKM00014652","BJELASNICA, BK","2020-12-05","31",,"28"
"BKM00014652","BJELASNICA, BK","2020-12-06","31",,"30"
"BKM00014652","BJELASNICA, BK","2020-12-07","28",,
"BKM00014652","BJELASNICA, BK","2020-12-08","28","29","26"
"BKM00014652","BJELASNICA, BK","2020-12-09","27","29",
"BKM00014652","BJELASNICA, BK","2020-12-10","25","26",
"BKM00014652","BJELASNICA, BK","2020-12-11","25","26","23"
"BKM00014652","BJELASNICA, BK","2020-12-12","26","27",
"BKM00014652","BJELASNICA, BK","2020-12-13","23","27",
"BKM00014652","BJELASNICA, BK","2020-12-14","21",,"20"
"BKM00014652","BJELASNICA, BK","2020-12-15","28",,"23"
"BKM00014652","BJELASNICA, BK","2020-12-16","31","32","30"
"BKM00014652","BJELASNICA, BK","2020-12-17","29","32",
"BKM00014652","BJELASNICA, BK","2020-12-18","29","30",
"BKM00014652","BJELASNICA, BK","2020-12-19","28",,
"BKM00014652","BJELASNICA, BK","2020-12-20","27",,"26"
"BKM00014652","BJELASNICA, BK","2020-12-21","30",,"28"
"BKM00014652","BJELASNICA, BK","2020-12-22","31","34",
"BKM00014652","BJELASNICA, BK","2020-12-23","35",,
"BKM00014652","BJELASNICA, BK","2020-12-24","31","32","29"
"BKM00014652","BJELASNICA, BK","2020-12-25","31","32",
"BKM00014652","BJELASNICA, BK","2020-12-26","19",,
"BKM00014652","BJELASNICA, BK","2020-12-27","21",,
"BKM00014652","BJELASNICA, BK","2020-12-28","25",,"22"
"BKM00014652","BJELASNICA, BK","2020-12-29","25","27",
"BKM00014652","BJELASNICA, BK","2020-12-30","28","29",
"BKM00014652","BJELASNICA, BK","2020-12-31","24",,
"BKM00014652","BJELASNICA, BK","2021-01-01","21","23","18"
"BKM00014652","BJELASNICA, BK","2021-01-02","25","26","22"
"BKM00014652","BJELASNICA, BK","2021-01-03","24","25",
"BKM00014652","BJELASNICA, BK","2021-01-04","22","23","21"
"BKM00014652","BJELASNICA, BK","2021-01-05","22",,
"BKM00014652","BJELASNICA, BK","2021-01-06","23","24",
"BKM00014652","BJELASNICA, BK","2021-01-07","22","26",
"BKM00014652","BJELASNICA, BK","2021-01-08","23","26",
"BKM00014652","BJELASNICA, BK","2021-01-09","19","43",
"BKM00014652","BJELASNICA, BK","2021-01-10","24","27","21"
"BKM00014652","BJELASNICA, BK","2021-01-11","22",,
"BKM00014652","BJELASNICA, BK","2021-01-12","21","23",
"BKM00014652","BJELASNICA, BK","2021-01-13","13","19",
"BKM00014652","BJELASNICA, BK","2021-01-14","14","23",
"BKM00014652","BJELASNICA, BK","2021-01-15","6","8","4"
"BKM00014652","BJELASNICA, BK","2021-01-16","3","6",
"BKM00014652","BJELASNICA, BK","2021-01-17","6","9","1"
"BKM00014652","BJELASNICA, BK","2021-01-18","4",,
"BKM00014652","BJELASNICA, BK","2021-01-19","13",,"10"
"BKM00014652","BJELASNICA, BK","2021-01-20","20",,"15"
"BKM00014652","BJELASNICA, BK","2021-01-21","26","26","22"
"BKM00014652","BJELASNICA, BK","2021-01-22","28","29","26"
"BKM00014652","BJELASNICA, BK","2021-01-23","27","30",
"BKM00014652","BJELASNICA, BK","2021-01-24","24",,"23"
"BKM00014652","BJELASNICA, BK","2021-01-25","18","40",
"BKM00014652","BJELASNICA, BK","2021-01-26","10",,
"BKM00014652","BJELASNICA, BK","2021-01-27","8","9",
"BKM00014652","BJELASNICA, BK","2021-01-28","12",,
"BKM00014652","BJELASNICA, BK","2021-01-29","22",,
"BKM00014652","BJELASNICA, BK","2021-01-30","25",,"25"
"BKM00014652","BJELASNICA, BK","2021-01-31","27",,"25"
"BKM00014652","BJELASNICA, BK","2021-02-01","27","28",
"BKM00014652","BJELASNICA, BK","2021-02-02","29",,"27"
"BKM00014652","BJELASNICA, BK","2021-02-03","31","32",
"BKM00014652","BJELASNICA, BK","2021-02-04","31","33","29"
"BKM00014652","BJELASNICA, BK","2021-02-05","33",,"32"
"BKM00014652","BJELASNICA, BK","2021-02-06","32",,
"BKM00014652","BJELASNICA, BK","2021-02-07","31","32",
"BKM00014652","BJELASNICA, BK","2021-02-08","31",,
"BKM00014652","BJELASNICA, BK","2021-02-09","27",,"24"
"BKM00014652","BJELASNICA, BK","2021-02-10","28",,"28"
"BKM00014652","BJELASNICA, BK","2021-02-13","-5","2",
"BKM00014652","BJELASNICA, BK","2021-02-14","-2",,"-8"
"BKM00014652","BJELASNICA, BK","2021-02-15","3","6",
"BKM00014652","BJELASNICA, BK","2021-02-16","15",,"3"
"BKM00014652","BJELASNICA, BK","2021-02-17","26",,"21"
"BKM00014652","BJELASNICA, BK","2021-02-18","23",,"22"
"BKM00014652","BJELASNICA, BK","2021-02-19","25",,"23"
"BKM00014652","BJELASNICA, BK","2021-02-20","28",,
"BKM00014652","BJELASNICA, BK","2021-02-21","27",,
"BKM00014652","BJELASNICA, BK","2021-02-22","32","34","26"
"BKM00014652","BJELASNICA, BK","2021-02-23","36",,"32"
"BKM00014652","BJELASNICA, BK","2021-02-24","35","37","30"
"BKM00014652","BJELASNICA, BK","2021-02-25","38",,"36"
"BKM00014652","BJELASNICA, BK","2021-02-26","39",,"37"
"BKM00014652","BJELASNICA, BK","2021-02-27","29",,
"BKM00014652","BJELASNICA, BK","2021-02-28","20","21","18"
